dataset,fold,zero_macro_f1,semantic_macro_f1,delta,zero_collapsed,semantic_collapsed
movie,0,0.715909,0.719993,0.004084,0,0
movie,1,0.682482,0.689992,0.007510,0,0
movie,2,0.650182,0.538048,-0.112134,0,0
movie,3,0.396740,0.702081,0.305341,0,0
movie,4,0.757426,0.656003,-0.101423,0,0
twitter,0,0.735746,0.734777,-0.000969,0,0
twitter,1,0.730991,0.736342,0.005351,0,0
twitter,2,0.723884,0.723349,-0.000535,0,0
twitter,3,0.714455,0.724982,0.010527,0,0
twitter,4,0.715500,0.716999,0.001499,0,0
