dataset,fold,zero_macro_f1,semantic_macro_f1,delta,zero_collapsed,semantic_collapsed
movie,0,0.812405,0.812443,0.000038,0,0
movie,1,0.699992,0.723444,0.023452,0,0
movie,2,0.777432,0.797438,0.020006,0,0
movie,3,0.764623,0.784655,0.020032,0,0
movie,4,0.762166,0.768699,0.006533,0,0
twitter,0,0.741996,0.333333,-0.408663,0,1
twitter,1,0.721128,0.660970,-0.060159,0,0
twitter,2,0.724837,0.417286,-0.307552,0,0
twitter,3,0.725978,0.633313,-0.092665,0,0
twitter,4,0.719977,0.460803,-0.259174,0,0
