config,model,mean_base,std_base,mean_ls,std_ls,mean_delta,paired_t_stat,paired_t_p,wilcoxon_p
sent140_glove,svm,0.812962,0.013236,0.840733,0.020962,0.027771,2.0031,0.1157,0.1875
sent140_glove,rf,0.73203,0.028549,0.766645,0.038374,0.034614,2.0236,0.11303,0.1875
sent140_w2v,svm,0.812962,0.013236,0.815121,0.052045,0.002159,0.0962,0.92802,1.0
sent140_w2v,rf,0.73203,0.028549,0.792357,0.06653,0.060327,1.8619,0.1361,0.3125
